{"./":{"url":"./","title":"Q Scout robot kit","keywords":"","body":" 　　Q Scout is an entry-level robot for beginners. It is highly interactive and scalable. The robot itself integrates rich interactive modules, such as ultrasonic sensors with built-in RGB lights, line follower sensors, and built-in buzzer, on-board RGB LEDs. The children program Q-scout by robobloq APP based on Scratch3.0. The Q Scout is based on Robobloq platform which has a rich range of expansion parts like beams, plates, sensors. The Q Scouts are also perfectly compatible with Qoopers. Scan the QR code to download APP "},"Q-Scout/play.html":{"url":"Q-Scout/play.html","title":"Playing mode","keywords":"","body":"Playing mode a）Remote control： Manually control the robot’s movement and light efficiency. b) Obstacle avoidance: intelligent detection of obstacles, will automatically stop before hitting obstacles. c) Line-tracking mode: Use a black tape from the product to attach a circular path to the ground. Place the robot's line sensor on the black line, then click the switch in the upper right corner to start the line mode. d) Music mode: do re mi fa so la ti to play music. Which robot is supported? Six robots are all supported. "},"Q-Scout/learn.html":{"url":"Q-Scout/learn.html","title":"Learning programming","keywords":"","body":"How to quickly start graphical programming? Refer to the tutorials below for step-by-step learning to use graphical programming robots. DOWN "},"Q-Scout/down.html":{"url":"Q-Scout/down.html","title":"Download","keywords":"","body":"Download Building instructions Q-scout Software 　　　　　　　　 Schematic Qmind plus Schematic "},"Qoopers/Introduction.html":{"url":"Qoopers/Introduction.html","title":"Qoopers robot kit","keywords":"","body":" 　　Qoopers is a cool app-enabled edutainment robot. By its modularized electronics, sensors and mechanical parts, it can be easily setup within 30 minutes and transformed to more than 15 different varieties like Dozer, Captain Alloy and Scorpoid. 　　Using your smart devices to program Qoopers to move, light up, make sounds, avoid obstacles, and even perform based on your special program. Kids are immersed in cool robots to learn STEAM knowledge, which empowers kids and students hands-on ability and coding skills to bring their innovative ideas into reality. Scan the QR code to download APP "},"Qoopers/play.html":{"url":"Qoopers/play.html","title":"Playing mode","keywords":"","body":"Playing mode a）Remote control： Manually control the robot’s movement and light efficiency. Which robot is supported? Six robots are all supported. b) Obstacle avoidance: intelligent detection of obstacles, will automatically stop before hitting obstacles. Which robot is supported?：THE VOYAGER，SCORPOID. c) Dot matrix: Various expressions of custom drawing matrix screen. Which robot is supported?：CAPTAIN ALLOY，LI'L GUARDIAN，THE CAVALIER. d) Music mode: do re mi fa so la ti to play music. Which robot is supported? Six robots are all supported. "},"Qoopers/learn.html":{"url":"Qoopers/learn.html","title":"Learning programming","keywords":"","body":"How to quickly start graphical programming? Refer to the tutorials below for step-by-step learning to use graphical programming robots. DOWN "},"Qoopers/down.html":{"url":"Qoopers/down.html","title":"Download","keywords":"","body":"Download Building instructions 　　　　 　　　　 　　　　 　　　　 Software 　　　　　　　　 Schematic Qmind plus Schematic "},"Qoopers/Precautions.html":{"url":"Qoopers/Precautions.html","title":"Precautions","keywords":"","body":"Precautions： Important information about batteries—— 1.Try to use batteries of mainstream brands with high performance. It is not recommended to use Zinc-carbon batteries. 2.Never use different types of batteries together, or a combination of old and new batteries. Always remove the batteries if the product is not to be used for a long time or if the batteries have run down. 3.Never use damaged batteries, or a corresponding type. Insert the batteries so that the poles are correctly positioned. Rechargeable batteries must be recharged using the correct battery charger under the supervision of an adult. 4.You cannot recharge batteries while they are still in the product, and you must never try to do so. Never attempt to recharge non-chargeable batteries. Never short-circuit the battery holder. "},"FAQ/faq.html":{"url":"FAQ/faq.html","title":"FAQ","keywords":"","body":"Common troubleshooting 1、Bluetooth Connection Problem 1-1、 Tip: \"Bluetooth Rejects Connection\" 1、This problem is caused by using Bluetooth search function in mobile phone settings to connect robot Bluetooth. But for the bluetooth connection of the robot, you should go to “Robobloq” APP to find the Bluethooth icon which is in the upper right corner of APP interface, then tap it and put the mobile phone close to the robot 10 to 20 cm, the bluetooth will automatically connect. Note: the Bluetooth connection of robot is through the Bluetooth in Roboboq APP, not through the mobile phone’s embedded Bluetooth function to connect. 1-2、Connect 4 to 5 times, it prompted all the time: \"Bluetooth connection failed\" 1、Check whether the \"location\" function of the mobile phone is open or not. After opening, tap the Bluetooth icon in APP to reconnect. Generally, it can be solved by this way.2、Download the latest version of Robobloq APP software to ssolve it, you can search for \"Robobloq\" in popular APP markets to download and update it. 2、 the robot can not move 2-1、 the crawler robot construction completed, the app. to control the lights and sound, the motor has the current sound, but can not move 1、 to see if the construction is wrong, most of the problems are: front wheel anti-loosening nut screwed too tight, the use of wrench and screwdriver loose anti-loosening nut, with hand lightly , the track normal rotation can 2、 check whether the battery lighting is sufficient, in addition to the market brand battery counterfeit more, it is recommended to supermarkets and major e-commerce platform to buy "},"Q-Scout/programming.html":{"url":"Q-Scout/programming.html","title":"Try It Out - Robobloq (PC)","keywords":"","body":"Try It Out - Robobloq (PC) 　　Robobloq PC is a graphical programming environment based on Scratch3.0. It is very suitable for the graphical programming of young children to create interactive stories and to control robots. Video is comming soon... "},"software/connection.html":{"url":"software/connection.html","title":"1、Connect robobloq robot","keywords":"","body":"1、Connect robobloq robot 　　1.1 Download address：http://www.robobloq.com/support/download 　　1.2 Select the appropriate version to download, use win10 X64 bit version to demonstrate the following 　　1.3 Click on Robobloq to open the software　 　　1.4 Install the driver 　 　　1.5 After the driver installation is complete, close the dialog and start connecting to the robot. Connect the robot with a USB cable and select the port number to connect to 　 　　1.6 Successful robot connection "},"software/update.html":{"url":"software/update.html","title":"2、Update robot firmware","keywords":"","body":"How to update the firmware of Robobloq robot? 1, restore the latest official firmware 　　1.1 Download address：http://www.robobloq.com/support/download 　　1.2 Select the appropriate version to download, use win10 X64 bit version to demonstrate the following 　　1.3 Click on Robobloq to open the software　 　　1.4 Install the driver 　 　　1.5 After the driver installation is complete, close the dialog and start connecting to the robot. Connect the robot with a USB cable and select the port number to connect to 　 　　1.6 After the connection is successful, select the option to restore the factory firmware，Select the appropriate robot and click the Update button to perform a firmware burn. 　 "},"software/scratch_pc.html":{"url":"software/scratch_pc.html","title":"3、Flash Scratch Programs to Robot","keywords":"","body":"3、Flash Scratch Programs to Robot 1、Use the USB cable to connect robot to computer. 2、Select model. 3、Drag and drop coding blocks and compose your program. e.g. make robot go forward at speed 60 for 2 seconds, then stop. 4、Upload program to robot. 　　4-1、Click and expand the panel. 　　4-2、Click “Upload”. 　　4-3、 A dialogue will show and indicate the uploading progress. This usually takes 15 seconds. Please be patient. 　　4-4、 A dialogue will show and say that the program is successfully uploaded. 　　4-5、Pull out the USB cable, then turn on the robot to execute the program. "},"Qoopers/c.html":{"url":"Qoopers/c.html","title":"5、Exploring C programming","keywords":"","body":"Exploring programming The Robobloq platform product is based on the Arduino open source platform, so it can support Arduino IDE C programming. Refer to the following steps to make your robot support C language programming. 1、Download the Arduino IDE and Arduino driver and install them. Windows 　　Mac OS X 　　linux 2、Install the Robobloq library. 　2.1 Download library from official github library. 　2.2 Unzip the library and move the file “Robobloq” to the following path like \\[c\\program files\\Arduino]\\libraries\\robobloq 3、 Open the Arduino IDE from your desktop. 4、 Choose“file-examples-RoboBloqDrive-Example” 5、 Then you can find some examples code for learning. "},"acc/bluetooth.html":{"url":"acc/bluetooth.html","title":"Bluetooth adapter instructions","keywords":"","body":" "},"SENSOR/Ultrasonic.html":{"url":"SENSOR/Ultrasonic.html","title":"Ultrasonic sensor","keywords":"","body":" 1.Overview 　　The ultrasonic sensor is a module for detecting the distance between the obstacle in front and the module. It enables the robot to perceive the surrounding environment through the sonar like a bat. Through the control of the motor, the robot can automatically avoid obstacles. 2.Specification 3.Features a) Support Arduino IDE programming, and provide runtime to simplify programming. b) Support Robobloq graphical programming for all ages. c) It is convenient to connect using RJ11 interface. 4.How to use? a) Assembly With three mounting holes, be careful not to damage the components on the board or cause a short circuit during installation. b) Wiring It can be connected to the black ports of Qmind or Qmind plus board. c) Programming blocks d) Projects。 Comming soon... 5.Documents Schematic "},"SENSOR/light.html":{"url":"SENSOR/light.html","title":"Light sensor ","keywords":"","body":"1.Overview 　　The light sensor is developed based on the principle of photoelectric effect of semiconductors. It can be used to detect the intensity of ambient light. It is usually used to create interactive projects that produce special effects with changes in light intensity, such as smart desk lamp robots, chasing robots, etc. 2.Specification 3.Features a) Support Arduino IDE programming, and provide a runtime library to simplify programming; b) support Robobloq graphical programming, suitable for all ages users; c) Installation using M4 holes, compatible with robobloq, easy to use RJ11 interface; 4.How to use? a) Assembly With six mounting holes, be careful not to damage the components on the circuit board or cause a short circuit during installation. b) Wiring It can be connected to the black ports of Qmind or Qmind plus board. c) Programming blocks d) Projects Comming soon... 5.Documents Schematic "},"SENSOR/pir.html":{"url":"SENSOR/pir.html","title":"PIR motion sensor","keywords":"","body":" 1.Overview 　　The PIR motion sensor is a sensor for detecting infrared radiation emitted by a human or animal body, and can be used for a variety of human or animal mobile triggering scenes. 2.Specification a) Operating voltage: DC 5V b) Power on warm-up: 30s c) Hold time: 2s d) Detection angle: 120 degrees e) Detection distance: 4 meters f) Module size: 50 x 24 x 15 mm (length x width x height) 3.Features a) Onboard LED feedback trigger status. b) The use of the RD624 Human Sensing Probe is more sensitive. c) Support Arduino IDE programming, and provide runtime to simplify programming. d) Support Robobloq graphical programming for all ages. e) It is convenient to connect using RJ11 interface. 4.Howtouse? a) Assembly With two mounting holes, be careful not to damage the components on the circuit board or cause a short circuit during installation. b) Wiring It can be connected to the black ports of Qmind or Qmind plus board. c) Programming blocks d) Projects Comming soon.... 5.Documents Schematic "},"SENSOR/sound.html":{"url":"SENSOR/sound.html","title":"Sound sensor","keywords":"","body":" 1.Overview 　　The sound sensor can be used to detect the sound intensity in the surrounding environment. It can be used to interact with sound projects such as voice-activated robot. 2.Specification 3.Features a) Onboard LED feedback trigger status b) Support Arduino IDE programming, and provide runtime to simplify programming. c) Support Robobloq graphical programming for all ages. e) It is convenient to connect using RJ11 interface. 4.Howtouse? a) Assembly With four mounting holes, be careful not to damage the components on the board or cause a short circuit during installation. b) Wiring It can be connected to the black ports of Qmind or Qmind plus board. c) Programming blocks d) Projects Coming soon... 5.Documents Schematic "},"SENSOR/humidity.html":{"url":"SENSOR/humidity.html","title":"Temperature and humidity sensor","keywords":"","body":" 1.Overview 　　The temperature and humidity sensor is a sensor that can be used to detect the ambient temperature and humidity. It can monitor the temperature and humidity changes in the surrounding environment. 2.Specification 3.Features a) Support Arduino IDE programming, and provide runtime to simplify programming. b) Support Robobloq graphical programming for all ages. c) It is convenient to connect using RJ11 interface. 4.How to use? a) Assembly With four mounting holes, be careful not to damage the components on the board or cause a short circuit during installation. b) Wiring It can be connected to the black ports of Qmind or Qmind plus board. c) Programming blocks d) Projects Comming soon... 5.Documents Schematic "},"SENSOR/line.html":{"url":"SENSOR/line.html","title":"Line follower sensor","keywords":"","body":" 1.Overview 　　The line follower sensor can help the robot to track white lines or black lines (black lines on a white background or black lines on a white background can be detected). The module has two infrared sensors with low delay and can detect the status of ground lines in real time. 2.Specification 3.Featrues a) Two on-board blue LEDs are used for detection feedback. b) Note that this module is susceptible to natural light and has certain limitations on fields with large variations in ambient light. c) Support Arduino IDE programming, and provide runtime to simplify programming. d) Support Robobloq graphical programming for all ages. e) The on-board gold-immersed M4 mounting holes are easy to install and use the RJ11 interface for convenient connection. 4.How to use? a) Assembly With four mounting holes, be careful not to damage the components on the board or cause a short circuit during installation. b) Wiring It can be connected to the black ports of Qmind or Qmind plus board. c) Programming blocks d) Projects Comming soon... 5.Documents Schematic "}}