{"./":{"url":"./","title":"Q侦察兵机器人套件","keywords":"","body":" 　　Q 侦察兵是针对初级用户使用入门机器人，具备很强的互动性和可扩展性，机器人自身集成了丰富的互动模块，比如内嵌RGB灯的超声波传感器，巡线传感器，集成在主板的蜂鸣器和RGB灯，小朋友通过公司开发的基于scratch 3.0的app快速控制，编程Q侦察兵。Q侦察兵依托强大的魔块搭建平台，有丰富的扩展包系列，并且Q侦察兵也和魔洛克的Q 军团系列在结构上完美适配。 扫描二维码下载APP "},"Q-Scout/Qwan.html":{"url":"Q-Scout/Qwan.html","title":"1、玩一玩","keywords":"","body":"玩一玩 a）遥控模式：手动控制机器人运动方向以及光效。 b)自动避障模式:机器人自动避开前方的障碍物。 c)巡线模式: 使用产品中的黑色胶带在地面上粘贴上一个环形的路径。把机器人的巡线传感器放在黑线上，然后点击右上角的开关，机器人启动巡线模式。 d)音乐模式:do re mi fa so la ti 弹奏音乐。 "},"Q-Scout/Qxue.html":{"url":"Q-Scout/Qxue.html","title":"2、学一学","keywords":"","body":"如何快速入门图形化编程？参考下方的教程可以循序渐进的学习用图形化编程机器人。 点击下载 "},"Q-Scout/Qdown.html":{"url":"Q-Scout/Qdown.html","title":"3、下载专区","keywords":"","body":"下载专区 电子说明书 Q-侦察兵 软件 　　　　　　　　 原理图 Qmindplus原理图 "},"Qoopers/Qoopers.html":{"url":"Qoopers/Qoopers.html","title":"Q军团机器人套件","keywords":"","body":" 　　Q军团机器人套件是一款面向青少年的合金积木机器人，它将最新的技术融入到机器人中，让孩子可以边玩边学，极大的提高孩子们的动手能力和逻辑思维能力。跟随APP中的搭建说明，通过不同的积木组合，孩子们可以搭建六种不同形态的机器人，并且可以通过APP快速体验各种不同的新潮玩法。 扫描二维码下载APP "},"Qoopers/wan.html":{"url":"Qoopers/wan.html","title":"1、玩一玩","keywords":"","body":"玩一玩 a）遥控模式：手动控制机器人运动方向以及光效。支持形态：六个都支持。 b)自动避障模式:机器人自动避开前方的障碍物。支持形态：探路先锋，巡逻蝎兵。 c)点阵屏模式:自定义绘制矩阵屏的各种表情。支持形态：合金队长，铁甲骑士，矮人护卫。 d)音乐模式:do re mi fa so la ti 弹奏音乐。 "},"Qoopers/xue.html":{"url":"Qoopers/xue.html","title":"2、学一学","keywords":"","body":"如何快速入门图形化编程？参考下方的教程可以循序渐进的学习用图形化编程机器人。 点击下载 "},"Qoopers/down.html":{"url":"Qoopers/down.html","title":"3、下载专区","keywords":"","body":"下载专区 电子说明书 　　　　 　　　　 　　　　 　　　　 软件 　　　　　　　　 原理图 Qmindplus原理图 "},"Qoopers/Precautions.html":{"url":"Qoopers/Precautions.html","title":"注意事项","keywords":"","body":"注意事项： 关于电池—— 1.电池型号请采用6节5号（AA）碱性干电池或者镍氢可充电干电池，尽量使用主流品牌的高性能电池，不建议使用碳性干电池。 2.请勿同时使用不同类型的电池，或把新旧程度不同的电池混合使用。如果产品将有很长的时间不会使用，或者电池已经没电，请注意取出电池。 3.切勿使用已经破损的电池，装入电池时请注意正负极。如果使用充电电池，务必在成人监护下使用正确的电池充电器充电。 4.电池仍在产品中时不可进行充电，请勿强行尝试充电。请勿尝试给非充电电池充电。切勿对电池仓进行短路连接。 "},"FAQ/faq.html":{"url":"FAQ/faq.html","title":"常见问题","keywords":"","body":"常见故障排除 1、蓝牙连接问题 1-1、提示：“蓝牙拒绝连接” 1、此问题是由使用蓝牙搜索功能在手机设置中连接机器人蓝牙引起的。但是对于机器人的蓝牙连接, 你应该到我们的 Robobloq App找到在界面右上角的蓝牙图标, 然后点击它, 并把手机放置靠近机器人10至20厘米的地方, 蓝牙将会自动连接。 注意: 机器人的蓝牙连接是通过Robobloq App中的蓝牙链接, 而不是通过手机自带的蓝牙功能连接。 1-2、连接4到 5次, 它一直提示: \"蓝牙连接失败\" 1、检查手机的 \"位置\" 功能是否打开。打开后, 点击 App 中的蓝牙图标重新连接。一般来说, 此方法是可以解决这个问题的。2、尝试下载最新版本的 Robobloq App 软件去解决这个问题, 您可以在主流的 App应用市场中搜索 \"Robobloq\" 来下载和更新它。 2、机器人无法运动 2-1、履带机器人搭建完成后，APP可以控制灯光及声音，电机有电流声，但是无法运动 1、查看搭建是否有误，大部分问题为：前轮防松螺母拧的过紧，使用扳手和螺丝刀松动防松螺母，用手轻拨动动履带，履带正常转动即可2、检查电池点亮是否充足，另外市面上品牌电池仿冒品较多，建议到超市及各大电商平台处购买 "},"Q-Scout/Qshi.html":{"url":"Q-Scout/Qshi.html","title":"快速入门Robobloq（PC）","keywords":"","body":"试一试——快速入门Robobloq（PC） 　　RobobloqPC是一款基于Scratch3.0的图形化编程环境，非常适合青少年儿童图形化编程创建互动的故事，以及用来对机器人进行控制。 视频教程即将推出... "},"software/connection.html":{"url":"software/connection.html","title":"1、连接robobloq机器人","keywords":"","body":"1、连接robobloq机器人 　　1.1 robobloq PC端软件下载地址：http://www.robobloq.com/support/download 　　1.2 选择要下载的相应版本，使用win10 X64位版本来演示以下内容 　　1.3 单击Robobloq图标以打开软件　 　　1.4 安装驱动程序 　 　　1.5 驱动程序安装完成后，关闭对话框并开始连接机器人。 使用USB电缆连接机器人，然后选择要连接的端口号后，点击“连接”按钮 　 1.6 机器人连接成功 "},"software/update.html":{"url":"software/update.html","title":"2、更新机器人固件","keywords":"","body":"如何更新Robobloq机器人的固件？ 1, 更新最新的官方固件 　　1.1 下载地址：http://www.robobloq.com/support/download 　　1.2 选择要下载的相应版本，使用win10 X64位版本来演示以下内容 　　1.3 单击Robobloq图标以打开软件　 　　1.4 安装驱动程序 　 　　1.5 驱动程序安装完成后，关闭对话框并开始连接机器人。 使用USB电缆连接机器人，然后选择要连接的端口号后，点击“连接”按钮 　 　　1.6 连接成功后，选择恢复出厂固件的选项，选择适当的机器人并单击“更新”按钮以执行固件更新。 　 "},"software/scratch_pc.html":{"url":"software/scratch_pc.html","title":"3、烧录机器人Scratch程序","keywords":"","body":"烧录机器人Scratch程序 1、使用套装内配送的USB线连接机器人 2、选择机器人套件 3、拖动语句块生成程序 示例：机器人以60的速度向前运行2秒后停止 4、上传程序到机器人主控板 　　4-1、点击 ，打开程序面板 　　4-2、点击“上传”按钮，上传程序 　　4-3、图示：程序正在上传中，需要15秒左右的时间，请耐心等待 　　4-4、图示：程序上传成功 　　4-5、拔出USB线，打开机器人看看执行效果吧 "},"Qoopers/c.html":{"url":"Qoopers/c.html","title":"5、探索C语言","keywords":"","body":"探索C语言 　　Robobloq平台产品基于Arduino开源平台，因此可以支持ArduinoIDE的C语言编程，参考以下的步骤让你的机器人可以支持C语言编程。 1、下载安装ArduinoIDE并安装Arduino驱动 　　Windows安装包 　　Mac OS X 　　linux 2、安装RoboBloq官方库 2.1下载RoloBloq库文件 2.2解压文件到Arduno默认目录下。 [Arduino安装目录]\\libraries\\robobloq 3、打开ArduinoIDE 4、选择“文件-示例-RoboBloqDrive-Example” 5、用户可选择所需示例编译上传代码 "},"acc/bluetooth.html":{"url":"acc/bluetooth.html","title":"蓝牙适配器使用说明","keywords":"","body":" "},"SENSOR/Ultrasonic.html":{"url":"SENSOR/Ultrasonic.html","title":"超声波传感器","keywords":"","body":" 一、概述 　　超声波模块是一个用来探测前方障碍物和探头之间的距离，它使得机器人可以像蝙蝠一样通过声纳来感知周围的环境，通过对电机的控制从而实现机器人自动避障功能。 二、规格 三、特性 a)支持ArduinoIDE编程,并且提供运行库来简化编程； b)支持Robobloq图形化编程，适合全年龄用户； c)使用M4孔位安装，兼容robobloq，使用RJ11接口连线方便； 四、使用方法。 a)装配。 拥有三个安装孔，安装时注意金属件不可对电路板上面的元器件造成损坏或者造成短路。 b)连线。 连入Qmind以及Qmindplus的黑色RJ11接口可以获得供电。 c)编程语句块。 d)应用案例。 即将推出... 五、下载专区。 原理图 "},"SENSOR/light.html":{"url":"SENSOR/light.html","title":"光线传感器","keywords":"","body":" 一、概述 　　光线传感器是基于半导体的光电效应原理所开发的，其可用来对周围环境光的强度进行检测，通常用来制作随光线强度变化产生特殊效果的互动作品，比如智能台灯机器人，追光机器人等。 二、规格 三、特性 a)支持ArduinoIDE编程,并且提供运行库来简化编程； b)支持Robobloq图形化编程，适合全年龄用户； c)使用M4孔位安装，兼容robobloq，使用RJ11接口连线方便； 四、使用方法。 a)装配。 拥有六个安装孔，安装时注意金属件不可对电路板上面的元器件造成损坏或者造成短路。 b)连线。 连入Qmind以及Qmindplus的黑色RJ11接口可以获得供电。 c)编程语句块。 d)应用案例。 即将推出... 五、下载专区。 原理图 "},"SENSOR/PIR_motion.html":{"url":"SENSOR/PIR_motion.html","title":"人体热释红外传感器","keywords":"","body":" 一、概述 　　人体热式红外传感器是用来检测人或动物身体发射的红外线的传感器，可以用于多种人体或者动物移动触发的场合。 二、规格 三、特性 a)板载LED灯反馈触发状态。 b)使用RD624人体感应探头更灵敏。 c)支持ArduinoIDE编程,并且提供运行库来简化编程。 d)支持Robobloq图形化编程，适合全年龄用户。 e)使用RJ11接口连线方便。 四、使用方法。 a)装配。 拥有2个安装孔，安装时注意金属件不可对电路板上面的元器件造成损坏或者造成短路。 b)连线。 连入Qmind以及Qmindplus的黑色RJ11接口可以获得供电。 c)编程语句块。 d)应用案例。 即将推出... 五、下载专区。 原理图 "},"SENSOR/sound.html":{"url":"SENSOR/sound.html","title":"声音传感器","keywords":"","body":" 一、概述 　　声音传感器可以用来探测周围环境中的声音强度，用来做一些和声音交互的项目，比如击掌触发的机器人。 二、规格 三、特性 a)板载LED灯反馈触发状态 b)支持ArduinoIDE编程,并且提供运行库来简化编程。 c)支持Robobloq图形化编程，适合全年龄用户。 e)使用RJ11接口连线方便。 四、使用方法。 a)装配。 拥有4个安装孔，安装时注意金属件不可对电路板上面的元器件造成损坏或者造成短路。 b)连线。 连入Qmind以及Qmindplus的黑色RJ11接口可以获得供电。 c)编程语句块。 d)应用案例。 即将推出... 五、下载专区。 原理图 "},"SENSOR/Temperature_humidity.html":{"url":"SENSOR/Temperature_humidity.html","title":"温湿度传感器","keywords":"","body":" 一、概述 　　温度和湿度传感器是一款可以用来检测周围环境温湿度的传感器，可以监测周围环境中的温度和湿度变化。 二、规格 三、特性 a)支持ArduinoIDE编程,并且提供运行库来简化编程； b)支持Robobloq图形化编程，适合全年龄用户； c)使用M4孔位安装，兼容robobloq，使用RJ11接口连线方便； 四、使用方法。 a)装配。 拥有四个安装孔，安装时注意金属件不可对电路板上面的元器件造成损坏或者造成短路。 b)连线。 连入Qmind以及Qmindplus的黑色RJ11接口可以获得供电。 c)编程语句块。 d)应用案例。 即将推出... 五、下载专区。 原理图 "},"SENSOR/Line_follower.html":{"url":"SENSOR/Line_follower.html","title":"巡线传感器","keywords":"","body":" 一、概述 　　巡线模块可以帮助机器人进行白线或者黑线的跟踪（可以检测白色背景上的黑色线条或者白色背景上的黑色线条）。模块拥有两个红外传感器，延迟小，可以实时检测地面线条的状态。 二、规格 三、特性 a)板载两颗蓝色LED指示灯用于探测反馈。 b)注意本模块容易受自然光的影响，对环境光变化较大的场所有一定的局限性。 c)支持ArduinoIDE编程,并且提供运行库来简化编程。 d)支持Robobloq图形化编程，适合全年龄用户。 e)板载沉金M4安装孔安装方便，使用RJ11接口连线方便。 四、使用方法。 a)装配。 拥有六个安装孔，安装时注意金属件不可对电路板上面的元器件造成损坏或者造成短路。 b)连线。 连入Qmind以及Qmindplus的黑色RJ11接口可以获得供电。 c)编程语句块。 d)应用案例。 即将推出... 五、下载专区。 原理图 "}}